{"stats":{"minecraft:dropped":{"minecraft:enchanted_book":1,"minecraft:brown_mushroom":2,"minecraft:mossy_cobblestone":2,"minecraft:wheat":3,"minecraft:red_mushroom":1,"minecraft:dirt":1,"minecraft:shield":1,"minecraft:diorite":1,"minecraft:torch":64,"minecraft:mossy_stone_bricks":2,"minecraft:stone_bricks":1,"minecraft:iron_pickaxe":1},"minecraft:killed":{"specialmobs:firecreeper":1,"minecraft:zombie_villager":2,"specialmobs:giantskeleton":3,"specialmobs:jumpingcreeper":1,"specialmobs:skeleton":17,"specialmobs:creeper":3,"specialmobs:bruteskeleton":1,"specialmobs:snowcreeper":1,"specialmobs:drowned":1,"specialmobs:zombie":13,"specialmobs:spider":3,"specialmobs:cavespider":1},"minecraft:killed_by":{"specialmobs:zombie":1,"specialmobs:sniperskeleton":1},"minecraft:picked_up":{"minecraft:cocoa_beans":13,"minecraft:crafting_table":8,"minecraft:jungle_log":32,"minecraft:andesite":2,"minecraft:brown_mushroom":8,"minecraft:red_mushroom":4,"minecraft:flint":1,"minecraft:oak_log":8,"minecraft:gunpowder":4,"minecraft:lapis_lazuli":31,"minecraft:dirt":4,"minecraft:string":1,"minecraft:bone":11,"minecraft:stone_bricks":1,"minecraft:tnt_minecart":1,"minecraft:bow":1,"minecraft:wheat_seeds":9,"alexsmobs:banana":2,"minecraft:cobbled_deepslate":82,"minecraft:cobblestone_slab":4,"minecraft:jungle_sapling":1,"minecraft:mossy_stone_bricks":2,"minecraft:melon_slice":153,"minecraft:furnace":1,"minecraft:stick":1,"minecraft:raw_iron":25,"minecraft:torch":12,"minecraft:fire_charge":1,"minecraft:jungle_planks":48,"minecraft:diorite":14,"minecraft:mossy_cobblestone":2,"minecraft:arrow":11,"minecraft:rotten_flesh":6,"minecraft:granite":10,"minecraft:oak_sapling":4,"minecraft:rail":1,"minecraft:coal":102,"iceandfire:raw_silver":1,"minecraft:cobblestone":198},"minecraft:broken":{"minecraft:stone_pickaxe":2,"minecraft:stone_axe":2,"minecraft:wooden_axe":1,"minecraft:wooden_pickaxe":1},"minecraft:custom":{"minecraft:interact_with_furnace":3,"minecraft:mob_kills":47,"minecraft:interact_with_crafting_table":13,"minecraft:open_barrel":2,"minecraft:leave_game":15,"minecraft:time_since_death":78497,"minecraft:climb_one_cm":7077,"minecraft:time_since_rest":78923,"minecraft:sprint_one_cm":288692,"minecraft:damage_taken":2690,"minecraft:walk_one_cm":266504,"minecraft:drop":13,"minecraft:damage_dealt":8407,"minecraft:swim_one_cm":54525,"minecraft:fly_one_cm":385454,"minecraft:open_chest":7,"minecraft:crouch_one_cm":5173,"minecraft:play_time":120646,"minecraft:sneak_time":2465,"minecraft:deaths":2,"minecraft:walk_under_water_one_cm":23937,"minecraft:jump":2235,"minecraft:walk_on_water_one_cm":45446,"minecraft:total_world_time":120646,"minecraft:fall_one_cm":62872},"minecraft:mined":{"biomesoplenty:watergrass":1,"iceandfire:silver_ore":1,"minecraft:mossy_cobblestone":4,"minecraft:jungle_leaves":21,"minecraft:crafting_table":8,"minecraft:torch":2,"minecraft:granite":10,"minecraft:grass_block":1,"minecraft:melon":34,"minecraft:jungle_log":39,"minecraft:mushroom_stem":1,"minecraft:cobblestone":30,"minecraft:lapis_ore":1,"biomesoplenty:sprout":15,"minecraft:diorite":15,"minecraft:wall_torch":10,"minecraft:big_dripleaf":1,"minecraft:large_fern":4,"minecraft:furnace":1,"minecraft:iron_ore":17,"minecraft:cobbled_deepslate":9,"minecraft:andesite":2,"minecraft:deepslate_lapis_ore":4,"minecraft:grass":11,"minecraft:deepslate_iron_ore":10,"minecraft:oak_log":8,"minecraft:coal_ore":75,"minecraft:cobblestone_slab":3,"minecraft:cocoa":1,"minecraft:dirt":4,"minecraft:red_mushroom_block":2,"minecraft:stone_bricks":3,"minecraft:stone":180,"minecraft:mossy_stone_bricks":2,"minecraft:oak_leaves":39,"minecraft:deepslate":76,"minecraft:fern":63},"minecraft:used":{"minecraft:stone_pickaxe":391,"minecraft:oak_planks":1,"minecraft:chest":2,"minecraft:wooden_pickaxe":59,"minecraft:cobblestone_slab":11,"minecraft:torch":18,"minecraft:crafting_table":8,"minecraft:wooden_axe":108,"minecraft:melon_slice":147,"minecraft:jungle_log":12,"minecraft:stone_axe":223,"minecraft:cobblestone":40,"minecraft:furnace":2,"alexsmobs:banana":1,"alexsmobs:animal_dictionary":5,"minecraft:cobbled_deepslate":52},"minecraft:crafted":{"minecraft:oak_planks":32,"minecraft:cobblestone_slab":12,"minecraft:crafting_table":2,"minecraft:wooden_pickaxe":1,"minecraft:furnace":2,"minecraft:stone_axe":4,"minecraft:air":0,"minecraft:jungle_planks":80,"minecraft:shield":2,"minecraft:stick":56,"minecraft:iron_ingot":6,"minecraft:iron_pickaxe":1,"minecraft:stone_pickaxe":3,"minecraft:wooden_axe":2,"minecraft:chest":2,"minecraft:torch":140}},"DataVersion":3465}