{"stats":{"minecraft:killed":{"specialmobs:skeleton":2,"specialmobs:creeper":1,"specialmobs:drowned":1,"specialmobs:zombie":9,"specialmobs:cavespider":1,"specialmobs:spider":2},"minecraft:killed_by":{"specialmobs:zombie":1,"specialmobs:sniperskeleton":1},"minecraft:picked_up":{"minecraft:cocoa_beans":13,"minecraft:crafting_table":8,"minecraft:jungle_log":32,"minecraft:andesite":2,"minecraft:oak_log":8,"minecraft:string":1,"minecraft:dirt":3,"minecraft:wheat_seeds":9,"alexsmobs:banana":2,"minecraft:jungle_sapling":1,"minecraft:melon_slice":153,"minecraft:furnace":1,"minecraft:stick":1,"minecraft:raw_iron":6,"minecraft:torch":3,"minecraft:arrow":3,"minecraft:rotten_flesh":2,"minecraft:oak_sapling":4,"minecraft:coal":94,"iceandfire:raw_silver":1,"minecraft:cobblestone":145},"minecraft:broken":{"minecraft:stone_pickaxe":1,"minecraft:wooden_axe":1,"minecraft:wooden_pickaxe":1},"minecraft:custom":{"minecraft:interact_with_furnace":3,"minecraft:mob_kills":16,"minecraft:interact_with_crafting_table":8,"minecraft:leave_game":14,"minecraft:time_since_death":42668,"minecraft:climb_one_cm":3345,"minecraft:time_since_rest":43094,"minecraft:sprint_one_cm":199297,"minecraft:damage_taken":1960,"minecraft:walk_one_cm":161505,"minecraft:damage_dealt":3033,"minecraft:swim_one_cm":54525,"minecraft:fly_one_cm":303843,"minecraft:play_time":84817,"minecraft:deaths":2,"minecraft:walk_under_water_one_cm":23937,"minecraft:jump":1741,"minecraft:walk_on_water_one_cm":44938,"minecraft:total_world_time":84817,"minecraft:fall_one_cm":50362},"minecraft:mined":{"biomesoplenty:watergrass":1,"iceandfire:silver_ore":1,"minecraft:jungle_leaves":20,"minecraft:crafting_table":8,"minecraft:grass_block":1,"minecraft:melon":34,"minecraft:jungle_log":39,"minecraft:cobblestone":1,"biomesoplenty:sprout":15,"minecraft:wall_torch":3,"minecraft:big_dripleaf":1,"minecraft:large_fern":4,"minecraft:furnace":1,"minecraft:iron_ore":7,"minecraft:andesite":2,"minecraft:grass":11,"minecraft:oak_log":8,"minecraft:coal_ore":67,"minecraft:cocoa":1,"minecraft:dirt":4,"minecraft:stone":150,"minecraft:oak_leaves":34,"minecraft:fern":63},"minecraft:used":{"minecraft:stone_pickaxe":173,"minecraft:oak_planks":1,"minecraft:wooden_pickaxe":59,"minecraft:torch":3,"minecraft:crafting_table":7,"minecraft:wooden_axe":108,"minecraft:melon_slice":95,"minecraft:jungle_log":12,"minecraft:stone_axe":111,"minecraft:cobblestone":10,"minecraft:furnace":2,"alexsmobs:banana":1,"alexsmobs:animal_dictionary":5},"minecraft:crafted":{"minecraft:oak_planks":32,"minecraft:crafting_table":2,"minecraft:wooden_pickaxe":1,"minecraft:furnace":2,"minecraft:stone_axe":2,"minecraft:air":0,"minecraft:jungle_planks":16,"minecraft:shield":2,"minecraft:stick":36,"minecraft:iron_ingot":6,"minecraft:stone_pickaxe":2,"minecraft:wooden_axe":2,"minecraft:torch":76}},"DataVersion":3465}