{"stats":{"minecraft:killed":{"specialmobs:drowned":1,"specialmobs:zombie":7,"specialmobs:spider":1,"specialmobs:cavespider":1,"specialmobs:skeleton":2},"minecraft:killed_by":{"specialmobs:sniperskeleton":1,"specialmobs:zombie":1},"minecraft:picked_up":{"minecraft:crafting_table":5,"minecraft:cocoa_beans":13,"minecraft:stick":1,"minecraft:raw_iron":6,"minecraft:jungle_log":32,"minecraft:torch":2,"minecraft:oak_log":8,"minecraft:dirt":3,"minecraft:arrow":3,"minecraft:rotten_flesh":2,"minecraft:wheat_seeds":9,"alexsmobs:banana":2,"minecraft:jungle_sapling":1,"minecraft:oak_sapling":4,"minecraft:melon_slice":153,"minecraft:coal":48,"iceandfire:raw_silver":1,"minecraft:cobblestone":125},"minecraft:broken":{"minecraft:stone_pickaxe":1,"minecraft:wooden_axe":1,"minecraft:wooden_pickaxe":1},"minecraft:custom":{"minecraft:time_since_rest":32774,"minecraft:interact_with_furnace":1,"minecraft:sprint_one_cm":159452,"minecraft:damage_taken":1685,"minecraft:walk_one_cm":140100,"minecraft:mob_kills":12,"minecraft:damage_dealt":2237,"minecraft:swim_one_cm":54525,"minecraft:interact_with_crafting_table":5,"minecraft:fly_one_cm":239490,"minecraft:play_time":74497,"minecraft:deaths":2,"minecraft:walk_under_water_one_cm":23937,"minecraft:jump":1434,"minecraft:leave_game":13,"minecraft:time_since_death":32348,"minecraft:walk_on_water_one_cm":44938,"minecraft:total_world_time":74497,"minecraft:fall_one_cm":40730,"minecraft:climb_one_cm":2116},"minecraft:mined":{"minecraft:large_fern":4,"biomesoplenty:watergrass":1,"iceandfire:silver_ore":1,"minecraft:iron_ore":7,"minecraft:jungle_leaves":20,"minecraft:crafting_table":5,"minecraft:grass":11,"minecraft:grass_block":1,"minecraft:oak_log":8,"minecraft:coal_ore":49,"minecraft:melon":34,"minecraft:cocoa":1,"minecraft:jungle_log":39,"minecraft:dirt":4,"minecraft:cobblestone":1,"biomesoplenty:sprout":14,"minecraft:stone":129,"minecraft:big_dripleaf":1,"minecraft:wall_torch":2,"minecraft:oak_leaves":31,"minecraft:fern":63},"minecraft:used":{"minecraft:wooden_axe":108,"minecraft:stone_pickaxe":131,"minecraft:melon_slice":73,"minecraft:oak_planks":1,"minecraft:jungle_log":12,"minecraft:wooden_pickaxe":59,"minecraft:torch":2,"minecraft:stone_axe":91,"minecraft:cobblestone":4,"minecraft:crafting_table":5,"minecraft:furnace":1,"alexsmobs:animal_dictionary":5,"alexsmobs:banana":1},"minecraft:crafted":{"minecraft:oak_planks":4,"minecraft:crafting_table":1,"minecraft:stick":12,"minecraft:wooden_pickaxe":1,"minecraft:stone_pickaxe":1,"minecraft:wooden_axe":2,"minecraft:furnace":2,"minecraft:torch":8,"minecraft:stone_axe":1,"minecraft:jungle_planks":16}},"DataVersion":3465}