{"stats":{"minecraft:mined":{"minecraft:large_fern":4,"biomesoplenty:watergrass":1,"minecraft:jungle_leaves":7,"minecraft:crafting_table":2,"minecraft:grass":11,"minecraft:oak_log":1,"minecraft:melon":34,"minecraft:jungle_log":21,"minecraft:dirt":2,"biomesoplenty:sprout":11,"minecraft:stone":10,"minecraft:oak_leaves":3,"minecraft:fern":55,"minecraft:big_dripleaf":1},"minecraft:killed":{"specialmobs:drowned":1,"specialmobs:zombie":6,"specialmobs:spider":1,"specialmobs:skeleton":2},"minecraft:broken":{"minecraft:wooden_axe":1},"minecraft:used":{"minecraft:wooden_axe":108,"minecraft:melon_slice":55,"minecraft:jungle_log":12,"minecraft:wooden_pickaxe":11,"minecraft:crafting_table":2,"alexsmobs:animal_dictionary":5,"alexsmobs:banana":1},"minecraft:killed_by":{"specialmobs:sniperskeleton":1,"specialmobs:zombie":1},"minecraft:picked_up":{"minecraft:cocoa_beans":1,"minecraft:crafting_table":2,"minecraft:jungle_log":16,"minecraft:oak_log":1,"minecraft:arrow":2,"minecraft:rotten_flesh":2,"minecraft:wheat_seeds":8,"alexsmobs:banana":1,"minecraft:melon_slice":153,"minecraft:cobblestone":10},"minecraft:crafted":{"minecraft:oak_planks":4,"minecraft:stick":8,"minecraft:wooden_pickaxe":1,"minecraft:wooden_axe":2,"minecraft:jungle_planks":16},"minecraft:custom":{"minecraft:time_since_rest":6134,"minecraft:sprint_one_cm":119199,"minecraft:damage_taken":1380,"minecraft:walk_one_cm":105800,"minecraft:mob_kills":10,"minecraft:damage_dealt":1717,"minecraft:swim_one_cm":50053,"minecraft:interact_with_crafting_table":3,"minecraft:fly_one_cm":178678,"minecraft:play_time":47857,"minecraft:deaths":2,"minecraft:walk_under_water_one_cm":21905,"minecraft:jump":978,"minecraft:leave_game":6,"minecraft:time_since_death":5708,"minecraft:walk_on_water_one_cm":37231,"minecraft:climb_one_cm":1944,"minecraft:total_world_time":47857,"minecraft:fall_one_cm":26481}},"DataVersion":3465}