{"stats":{"minecraft:dropped":{"alexsmobs:banana":1},"minecraft:mined":{"minecraft:large_fern":1,"biomesoplenty:watergrass":19,"minecraft:jungle_leaves":7,"minecraft:ladder":1,"minecraft:grass":4,"minecraft:melon":38,"minecraft:vine":1,"minecraft:jungle_log":14,"minecraft:tall_grass":1,"biomesoplenty:sprout":2,"botania:light_blue_mystical_flower":3,"minecraft:oak_leaves":1,"minecraft:fern":50},"minecraft:killed":{"alexsmobs:terrapin":1,"specialmobs:zombie":1,"specialmobs:cavespider":1,"specialmobs:skeleton":1},"minecraft:used":{"minecraft:wooden_axe":87,"minecraft:melon_slice":42,"minecraft:ladder":1,"minecraft:rotten_flesh":1,"minecraft:wooden_sword":18,"minecraft:crafting_table":1,"minecraft:jungle_planks":4,"alexsmobs:animal_dictionary":8,"alexsmobs:banana":1},"minecraft:killed_by":{"specialmobs:sniperskeleton":1,"specialmobs:zombie":2,"specialmobs:creeper":2},"minecraft:picked_up":{"minecraft:cocoa_beans":13,"minecraft:stick":2,"minecraft:raw_iron":1,"minecraft:ladder":1,"minecraft:jungle_log":19,"minecraft:dirt":16,"minecraft:string":2,"botania:light_blue_mystical_flower":3,"minecraft:rotten_flesh":4,"minecraft:wheat_seeds":15,"alexsmobs:banana":2,"minecraft:granite":1,"minecraft:melon_slice":206},"minecraft:crafted":{"minecraft:wooden_sword":1,"minecraft:crafting_table":1,"minecraft:stick":16,"minecraft:wooden_axe":1,"minecraft:jungle_planks":40},"minecraft:custom":{"minecraft:time_since_rest":10177,"minecraft:sprint_one_cm":122419,"minecraft:damage_taken":1975,"minecraft:walk_one_cm":104897,"minecraft:mob_kills":4,"minecraft:drop":1,"minecraft:damage_dealt":841,"minecraft:swim_one_cm":52667,"minecraft:interact_with_crafting_table":2,"minecraft:fly_one_cm":200232,"minecraft:crouch_one_cm":72,"minecraft:play_time":48771,"minecraft:deaths":5,"minecraft:sneak_time":32,"minecraft:walk_under_water_one_cm":13508,"minecraft:jump":1170,"minecraft:leave_game":4,"minecraft:time_since_death":9960,"minecraft:walk_on_water_one_cm":26012,"minecraft:climb_one_cm":22885,"minecraft:total_world_time":48771,"minecraft:fall_one_cm":38373}},"DataVersion":3465}