{"stats":{"minecraft:dropped":{"minecraft:enchanted_book":1,"minecraft:mossy_cobblestone":2,"minecraft:rotten_flesh":7,"minecraft:diorite":1,"minecraft:melon_slice":1,"alexsmobs:banana":1},"minecraft:killed":{"specialmobs:ninjaskeleton":1,"minecraft:zombie_villager":1,"minecraft:salmon":1,"minecraft:squid":1,"specialmobs:skeleton":9,"specialmobs:dirtcreeper":1,"alexsmobs:terrapin":1,"specialmobs:zombie":1,"specialmobs:cavespider":2},"minecraft:broken":{"minecraft:wooden_sword":1,"minecraft:wooden_axe":1},"minecraft:killed_by":{"specialmobs:zombie":2,"specialmobs:sniperskeleton":1,"specialmobs:creeper":2},"minecraft:picked_up":{"minecraft:cocoa_beans":13,"minecraft:wheat":3,"minecraft:ladder":1,"minecraft:jungle_log":19,"minecraft:salmon":1,"minecraft:brown_mushroom":9,"minecraft:red_mushroom":9,"minecraft:enchanted_book":2,"minecraft:flint":1,"minecraft:shield":1,"minecraft:string":5,"minecraft:dirt":17,"botania:light_blue_mystical_flower":3,"minecraft:leather_boots":1,"minecraft:bone":8,"minecraft:stone_bricks":2,"minecraft:wheat_seeds":15,"alexsmobs:banana":2,"minecraft:cobbled_deepslate":39,"minecraft:cobblestone_slab":1,"minecraft:iron_pickaxe":1,"minecraft:melon_slice":217,"minecraft:stick":2,"minecraft:raw_iron":7,"minecraft:torch":67,"minecraft:gravel":5,"minecraft:ink_sac":2,"minecraft:diorite":1,"minecraft:mossy_cobblestone":4,"minecraft:arrow":5,"minecraft:rotten_flesh":4,"minecraft:granite":1,"minecraft:bread":1,"minecraft:cobblestone":14},"minecraft:custom":{"minecraft:mob_kills":19,"minecraft:open_barrel":1,"minecraft:interact_with_crafting_table":4,"minecraft:leave_game":4,"minecraft:time_since_death":50717,"minecraft:climb_one_cm":28290,"minecraft:time_since_rest":50934,"minecraft:sprint_one_cm":186188,"minecraft:damage_taken":2595,"minecraft:walk_one_cm":204395,"minecraft:drop":6,"minecraft:damage_dealt":3206,"minecraft:swim_one_cm":56730,"minecraft:fly_one_cm":262430,"minecraft:open_chest":1,"minecraft:crouch_one_cm":9668,"minecraft:play_time":89528,"minecraft:deaths":5,"minecraft:sneak_time":3513,"minecraft:walk_under_water_one_cm":18039,"minecraft:jump":1716,"minecraft:walk_on_water_one_cm":30599,"minecraft:total_world_time":89528,"minecraft:fall_one_cm":52526},"minecraft:mined":{"biomesoplenty:watergrass":19,"biomesoplenty:glowworm_silk":3,"minecraft:jungle_leaves":7,"minecraft:torch":1,"minecraft:ladder":1,"minecraft:melon":40,"minecraft:jungle_log":14,"minecraft:tall_grass":1,"minecraft:cobblestone":8,"biomesoplenty:sprout":2,"minecraft:wall_torch":2,"minecraft:large_fern":1,"minecraft:cobbled_deepslate":1,"minecraft:grass":4,"minecraft:deepslate_iron_ore":5,"minecraft:cobblestone_slab":1,"minecraft:vine":1,"minecraft:cobweb":3,"minecraft:stone_bricks":1,"minecraft:red_mushroom_block":1,"minecraft:stone":3,"botania:light_blue_mystical_flower":3,"minecraft:oak_leaves":1,"minecraft:deepslate":41,"minecraft:fern":51},"minecraft:used":{"minecraft:stone_pickaxe":64,"minecraft:ladder":1,"minecraft:cobblestone_slab":1,"minecraft:leather_boots":1,"minecraft:rotten_flesh":1,"minecraft:torch":3,"minecraft:mossy_cobblestone":2,"minecraft:crafting_table":1,"minecraft:jungle_planks":4,"minecraft:wooden_axe":92,"minecraft:melon_slice":85,"minecraft:gravel":5,"minecraft:stone_bricks":2,"minecraft:wooden_sword":82,"minecraft:cobblestone":10,"alexsmobs:banana":1,"alexsmobs:animal_dictionary":8,"minecraft:cobbled_deepslate":1},"minecraft:crafted":{"minecraft:wooden_sword":2,"minecraft:crafting_table":1,"minecraft:jungle_planks":76,"minecraft:stick":16,"minecraft:stone_pickaxe":1,"minecraft:wooden_axe":1}},"DataVersion":3465}