{"stats":{"minecraft:dropped":{"minecraft:melon_slice":1,"alexsmobs:banana":1},"minecraft:killed":{"alexsmobs:terrapin":1,"minecraft:salmon":1,"specialmobs:zombie":1,"specialmobs:cavespider":2,"minecraft:squid":1,"specialmobs:skeleton":3},"minecraft:killed_by":{"specialmobs:sniperskeleton":1,"specialmobs:zombie":2,"specialmobs:creeper":2},"minecraft:broken":{"minecraft:wooden_axe":1},"minecraft:picked_up":{"minecraft:cocoa_beans":13,"minecraft:stick":2,"minecraft:raw_iron":1,"minecraft:ladder":1,"minecraft:salmon":1,"minecraft:jungle_log":19,"minecraft:brown_mushroom":2,"minecraft:red_mushroom":4,"minecraft:gravel":5,"minecraft:flint":1,"minecraft:ink_sac":2,"minecraft:shield":1,"minecraft:mossy_cobblestone":1,"minecraft:dirt":16,"minecraft:string":5,"botania:light_blue_mystical_flower":3,"minecraft:bone":4,"minecraft:rotten_flesh":4,"minecraft:stone_bricks":1,"minecraft:wheat_seeds":15,"minecraft:cobbled_deepslate":1,"alexsmobs:banana":2,"minecraft:granite":1,"minecraft:melon_slice":217,"minecraft:cobblestone":2},"minecraft:custom":{"minecraft:time_since_rest":26934,"minecraft:sprint_one_cm":140577,"minecraft:damage_taken":2255,"minecraft:walk_one_cm":142547,"minecraft:mob_kills":9,"minecraft:drop":2,"minecraft:damage_dealt":1503,"minecraft:swim_one_cm":56730,"minecraft:interact_with_crafting_table":3,"minecraft:fly_one_cm":226423,"minecraft:crouch_one_cm":845,"minecraft:play_time":65528,"minecraft:deaths":5,"minecraft:sneak_time":862,"minecraft:walk_under_water_one_cm":17983,"minecraft:jump":1405,"minecraft:leave_game":4,"minecraft:time_since_death":26717,"minecraft:walk_on_water_one_cm":29957,"minecraft:total_world_time":65528,"minecraft:climb_one_cm":26303,"minecraft:fall_one_cm":46764},"minecraft:mined":{"minecraft:large_fern":1,"biomesoplenty:watergrass":19,"minecraft:jungle_leaves":7,"minecraft:ladder":1,"minecraft:grass":4,"minecraft:melon":40,"minecraft:vine":1,"minecraft:jungle_log":14,"minecraft:cobweb":3,"minecraft:tall_grass":1,"minecraft:red_mushroom_block":1,"biomesoplenty:sprout":2,"botania:light_blue_mystical_flower":3,"minecraft:oak_leaves":1,"minecraft:fern":51},"minecraft:used":{"minecraft:wooden_axe":92,"minecraft:melon_slice":61,"minecraft:ladder":1,"minecraft:stone_bricks":1,"minecraft:rotten_flesh":1,"minecraft:wooden_sword":38,"minecraft:crafting_table":1,"minecraft:jungle_planks":4,"alexsmobs:animal_dictionary":8,"alexsmobs:banana":1,"minecraft:cobbled_deepslate":1},"minecraft:crafted":{"minecraft:wooden_sword":2,"minecraft:crafting_table":1,"minecraft:stick":16,"minecraft:wooden_axe":1,"minecraft:jungle_planks":76}},"DataVersion":3465}